{
  "date": "``📅``",
  "error": "``❌``",
  "succes": "``✔️``",
  "insecte": "``🦄``",
  "link": "``🌙``",
  "medaille": "``🥇``",
  "point": "``👑``",
  "new": "``📩``",
  "info": "``🐼``",
  "partner": "``🐺``",
  "paypal": "``🎉``",
  "stats": "``🌨️``",
  "user": "``👥``",
  "yes": "``✅``",
  "load": "``🌡️``",
  "help": "``📢``",
  "command": "``🎄``",
  "wl": "``🎭``",
  "other": "``🌴``",
  "prefix": "``🎫``",
  "links": "``🎐``",
  "m": "``🔭``",
  "r": "``🌃``",
  "box": "``📦``"
}
