[{"userID":"1153913940166836264","userIP":"49.34.179.0, 10.83.8.17","avatarURL":"https://cdn.discordapp.com/avatars/1153913940166836264/81926737964a96a2e99fbe2d03a8c53d.png?size=4096","username":"masoom0001#0","access_token":"NsXMVgkCqP36e9bRr4U5KLghaLKzOp","refresh_token":"XZDAfptDUpj744AtdTEsdJRUHLH8tL"},{"userID":"1073635961268871249","userIP":"49.36.136.7, 10.83.15.20","avatarURL":"https://cdn.discordapp.com/avatars/1073635961268871249/3f31f58e96a600cc012351bd419fcf42.png?size=4096","username":"night_footballer#0","access_token":"TOJFKZiRKfxwfOgJYe6T6bXzcePQMI","refresh_token":"hSeDVP5zrb6FRNpnSlS2cIRV3HjGkC"},{"userID":"1053886661873901578","userIP":"49.34.157.156, 10.83.8.17","avatarURL":"https://cdn.discordapp.com/avatars/1053886661873901578/2520b60441abccab7a253f17e59968b1.png?size=4096","username":"invisible_masoom#0","access_token":"jXysJ4pqAmH6jaeXRA4m5fvCnWdRjz","refresh_token":"eGR4pfbHbRAiqlS0N8weOlPDk1oqak"},]